{
    "loss": 0.18447862565517426,
    "accuracy": 0.9692307710647583
}